id,screenName,userId,timestamp,type,text,userEnteredText,hashtags
1328122866324402178,francoinzirillo,484337760,1605484141,tweet,"#Capaci #15novembre2020 seconda domenica di #zonaarancione per la #Sicilia ..... #arancione dunque ma finir√†, ma l'azzurro del cielo e il blu del mare sono e resteranno quelli di sempre. #Sicily #COVID19 #COVID„Éº19 #Epidemia #coronavirus (#lungomare di #Isoladellefemmine) https://t.co/hQjxHpUEhP","#Capaci #15novembre2020 seconda domenica di #zonaarancione per la #Sicilia ..... #arancione dunque ma finir√†, ma l'azzurro del cielo e il blu del mare sono e resteranno quelli di sempre. #Sicily #COVID19 #COVID„Éº19 #Epidemia #coronavirus (#lungomare di #Isoladellefemmine) https://t.co/hQjxHpUEhP","['Capaci', '15novembre2020', 'zonaarancione', 'Sicilia', 'arancione', 'Sicily', 'COVID19', 'COVID„Éº19', 'Epidemia', 'coronavirus', 'lungomare', 'Isoladellefemmine']"
1328104795480190979,Trimani1977,431502985,1605479832,tweet,"Povera #Calabria, povera #Italia...se tutto va bene siamo rovinati. Che vergogna e che rabbia. ü§¶‚Äç‚ôÇÔ∏èü§¨

#NonelArena #Cotticelli #COVID19 #coronavirus #lockdown #zonarossa #ndrangheta #Giletti","Povera #Calabria, povera #Italia...se tutto va bene siamo rovinati. Che vergogna e che rabbia. ü§¶‚Äç‚ôÇÔ∏èü§¨

#NonelArena #Cotticelli #COVID19 #coronavirus #lockdown #zonarossa #ndrangheta #Giletti","['Calabria', 'Italia', 'NonelArena', 'Cotticelli', 'COVID19', 'coronavirus', 'lockdown', 'zonarossa', 'ndrangheta', 'Giletti']"
1328094765448130561,R__Pizzi,2944929857,1605477441,quote,"Anche l'Abruzzo. Nelle #Marche invece si depennano i casi fermi in Ps dalla somma dei ricoverati #coronavirus https://t.co/aQbxily7Rw
Covid, Abruzzo verso zona rossa e lockdown: attesa l'ordinanza https://t.co/ZNIFJi979l",Anche l'Abruzzo. Nelle #Marche invece si depennano i casi fermi in Ps dalla somma dei ricoverati #coronavirus https://t.co/aQbxily7Rw,"['Marche', 'coronavirus']"
1328086558348636162,francoinzirillo,484337760,1605475484,tweet,üëâ ... lui √® peggio di me! üëà #Salvini #Trump #cazzari ai tempi del #coronavirus #Covidioti #COVIDIOTS https://t.co/aXA9JMhcVf,üëâ ... lui √® peggio di me! üëà #Salvini #Trump #cazzari ai tempi del #coronavirus #Covidioti #COVIDIOTS https://t.co/aXA9JMhcVf,"['Salvini', 'Trump', 'cazzari', 'coronavirus', 'Covidioti', 'COVIDIOTS']"
1328076431893663744,NicolaSantullo,372958386,1605473070,tweet,Quanti ragazzi neo laureati si sarebbero potuti assumere a tempo determinato nel periodo critico con i soldi destinati al bonus monopattino? #coronavirus,Quanti ragazzi neo laureati si sarebbero potuti assumere a tempo determinato nel periodo critico con i soldi destinati al bonus monopattino? #coronavirus,['coronavirus']
1328067107595177985,Trimani1977,431502985,1605470847,tweet,"Non si tiene conto dell'#Arte in questo paese...eppure siamo riconosciuti nel mondo grazie a #Leonardo e #Michelangelo.

@InArteMorgan #staseraitalia #COVID19 #coronavirus #lockdown @StaseraItalia #Morgan","Non si tiene conto dell'#Arte in questo paese...eppure siamo riconosciuti nel mondo grazie a #Leonardo e #Michelangelo.

@InArteMorgan #staseraitalia #COVID19 #coronavirus #lockdown @StaseraItalia #Morgan","['Arte', 'Leonardo', 'Michelangelo', 'staseraitalia', 'COVID19', 'coronavirus', 'lockdown', 'Morgan']"
1328041214525009923,simonegianc,706214043141410816,1605464674,quote,"Vorrei tanto negare l'esistenza dei negazionisti. #COVID„Éº19 #COVID19 #coronavirus https://t.co/uF3MhKyaUq
PIENA COME CESARA https://t.co/9WMBOG1vf6",Vorrei tanto negare l'esistenza dei negazionisti. #COVID„Éº19 #COVID19 #coronavirus https://t.co/uF3MhKyaUq,"['COVID„Éº19', 'COVID19', 'coronavirus']"
1328035198022324224,stevedire,71821297,1605463239,tweet,"#Coronavirus Ma quelli che vogliono un Natale ""meno consumista"" hanno una vaga idea della botta terrificante che un ulteriore crollo dei consumi pu√≤ significare per tante attivit√† economiche gi√† prostrate dai lockdown? Populismo e immobilismo non hanno gi√† fatto abbastanza danni?","#Coronavirus Ma quelli che vogliono un Natale ""meno consumista"" hanno una vaga idea della botta terrificante che un ulteriore crollo dei consumi pu√≤ significare per tante attivit√† economiche gi√† prostrate dai lockdown? Populismo e immobilismo non hanno gi√† fatto abbastanza danni?",['Coronavirus']
1328019973369974793,lamortevito,513544196,1605459609,tweet,"Ogni giorno contiamo centinaia di morti (oggi 546) ma si continua a parlare, in maniera piuttosto stucchevole, del cenone di #Natale. Boh. #COVID19 #coronavirus","Ogni giorno contiamo centinaia di morti (oggi 546) ma si continua a parlare, in maniera piuttosto stucchevole, del cenone di #Natale. Boh. #COVID19 #coronavirus","['Natale', 'COVID19', 'coronavirus']"
1327971737200439298,richardferry_rf,1716882438,1605448109,tweet,"Il dramma √® che si avverte una sensazione di bovino.
Allora, prima i governanti chiedono bon sense, 
ma in assenza di regole, il bovino sostiene che si pu√≤ fare perch√® non c'√® la regola che divieti!
Non so se mi sono spiegato.....üßêü§î
#lockdown #coronavirus #COVID19 #satira","Il dramma √® che si avverte una sensazione di bovino.
Allora, prima i governanti chiedono bon sense, 
ma in assenza di regole, il bovino sostiene che si pu√≤ fare perch√® non c'√® la regola che divieti!
Non so se mi sono spiegato.....üßêü§î
#lockdown #coronavirus #COVID19 #satira","['lockdown', 'coronavirus', 'COVID19', 'satira']"
1327963514032545793,noemicop,277431887,1605446148,quote,"Angela adottaci üá©üá™‚ù§Ô∏è

#coronavirus https://t.co/afkCaGLERl
The German Government's new #COVID19 campaign is very clever and, dare I say it, funny.

https://t.co/bP8jTNFShr","Angela adottaci üá©üá™‚ù§Ô∏è

#coronavirus https://t.co/afkCaGLERl",['coronavirus']
1327955986318045185,gabrieleacciaro,108975841,1605444354,tweet,"Gentile che si asciuga il sudore andando a prendere il telo dalla panchina di Brindisi √® quasi commovente. 
Se non esistesse il #coronavirus. #serieatipo","Gentile che si asciuga il sudore andando a prendere il telo dalla panchina di Brindisi √® quasi commovente. 
Se non esistesse il #coronavirus. #serieatipo","['coronavirus', 'serieatipo']"
1327954136512524288,AlessandArico,487518999,1605443912,tweet,"L‚Äôemergenza #coronavirus, l‚Äôutilizzo del #RecoveryFund, la #Sicilia del futuro e la #Palermo che vorremmo... alcuni degli argomenti trattati oggi nell‚Äôintervista a Bar Sicilia. Buona visione e buona domenica
#diventer√†bellissima 

https://t.co/0MEiU4AKUN","L‚Äôemergenza #coronavirus, l‚Äôutilizzo del #RecoveryFund, la #Sicilia del futuro e la #Palermo che vorremmo... alcuni degli argomenti trattati oggi nell‚Äôintervista a Bar Sicilia. Buona visione e buona domenica
#diventer√†bellissima 

https://t.co/0MEiU4AKUN","['coronavirus', 'RecoveryFund', 'Sicilia', 'Palermo', 'diventer√†bellissima']"
1327929435203526658,baldo_nicola_tn,1253799547693944833,1605438023,tweet,#SuperLega #coronavirus La Lega Pallavolo Serie A ha disposto il rinvio della gara Itas Trentino ‚Äì Allianz Milano in programma oggi alle 16.00 causa positivit√† al Covid-19 di pi√π di tre atleti della squadra di casa.,#SuperLega #coronavirus La Lega Pallavolo Serie A ha disposto il rinvio della gara Itas Trentino ‚Äì Allianz Milano in programma oggi alle 16.00 causa positivit√† al Covid-19 di pi√π di tre atleti della squadra di casa.,"['SuperLega', 'coronavirus']"
1327914296840515586,ildottormea,4419158368,1605434414,tweet,"Il piano di vaccinazione per #coronavirus necessita di un' organizzazione capillare, non corrotta, efficiente, con le giuste competenze al posto giusto. Anche la carenza di siringhe diventerebbe problema, e gi√† vedo a febbraio i titoli sui quotidiani che si poteva fare meglio","Il piano di vaccinazione per #coronavirus necessita di un' organizzazione capillare, non corrotta, efficiente, con le giuste competenze al posto giusto. Anche la carenza di siringhe diventerebbe problema, e gi√† vedo a febbraio i titoli sui quotidiani che si poteva fare meglio",['coronavirus']
1327912785183903745,romanabern2,2921499773,1605434054,tweet,Discutere sulle magnate delle Feste √® uno schiaffo in faccia agli operatori sanitari #Dpcm #coronavirus #Natale2020,Discutere sulle magnate delle Feste √® uno schiaffo in faccia agli operatori sanitari #Dpcm #coronavirus #Natale2020,"['Dpcm', 'coronavirus', 'Natale2020']"
1327890999612497920,Trimani1977,431502985,1605428859,tweet,"Mi sa che devo diminuire la quantit√† di ‚òï...buongiorno e domenica a tutti! üôã‚Äç‚ôÇÔ∏èüòÇ

#BuonaDomenica #BuongiornoATutti #colazione #breakfast #Piemonte #zonarossa #lockdown #coronavirus #coffeebreak #COVID19 https://t.co/uUr6tZ9Dso","Mi sa che devo diminuire la quantit√† di ‚òï...buongiorno e domenica a tutti! üôã‚Äç‚ôÇÔ∏èüòÇ

#BuonaDomenica #BuongiornoATutti #colazione #breakfast #Piemonte #zonarossa #lockdown #coronavirus #coffeebreak #COVID19 https://t.co/uUr6tZ9Dso","['BuonaDomenica', 'BuongiornoATutti', 'colazione', 'breakfast', 'Piemonte', 'zonarossa', 'lockdown', 'coronavirus', 'coffeebreak', 'COVID19']"
1327884916588220416,castorofotonico,16121340,1605427409,tweet,Nel tempo del #coronavirus la piramide di Maslow √® la torre di Babele della moderna civilt√† occidentale borghese.,Nel tempo del #coronavirus la piramide di Maslow √® la torre di Babele della moderna civilt√† occidentale borghese.,['coronavirus']
1327707909044768773,margheritaa269,3000255843,1605385207,tweet,"Ultima #sera prima di un #lockdown di un #rosso sbiadito... solo il #popolo pu√≤ fare la #differenza. 

#covid #quarantine #stayhome #coronavirus #staysafe @ Vico Equense https://t.co/WHTO6WxO2Q","Ultima #sera prima di un #lockdown di un #rosso sbiadito... solo il #popolo pu√≤ fare la #differenza. 

#covid #quarantine #stayhome #coronavirus #staysafe @ Vico Equense https://t.co/WHTO6WxO2Q","['sera', 'lockdown', 'rosso', 'popolo', 'differenza', 'covid', 'quarantine', 'stayhome', 'coronavirus', 'staysafe']"
1327704781687836672,EnzoSan69,145284956,1605384462,tweet,"Indennit√† specifica #infermieri, comunicato stampa #FSI #USAE @AdamoBonazzi #sanita #lavoro #Nurse #coronavirus #leggedibilancio #COVID19 https://t.co/EsoJ1gV2Zj","Indennit√† specifica #infermieri, comunicato stampa #FSI #USAE @AdamoBonazzi #sanita #lavoro #Nurse #coronavirus #leggedibilancio #COVID19 https://t.co/EsoJ1gV2Zj","['infermieri', 'FSI', 'USAE', 'sanita', 'lavoro', 'Nurse', 'coronavirus', 'leggedibilancio', 'COVID19']"
1327702174743334913,ProtCivPalma,1114473051498995713,1605383840,tweet,"#AvvisoFVG #CoronaVirus
ORDINANZA DEL PRESIDENTE DELLA REGIONE N. 42/PC 2020

Emessa l‚Äôordinanza regionale n. 42/PC 2020 che REVOCA INTERAMENTE la precedente ordinanza n. 41/PC 2020

Link dell‚Äôordinanza FVG ‚§µÔ∏è
https://t.co/egDnAtPJUa

#SocialMediaCommunityFVG https://t.co/Ew9lQ3VroB","#AvvisoFVG #CoronaVirus
ORDINANZA DEL PRESIDENTE DELLA REGIONE N. 42/PC 2020

Emessa l‚Äôordinanza regionale n. 42/PC 2020 che REVOCA INTERAMENTE la precedente ordinanza n. 41/PC 2020

Link dell‚Äôordinanza FVG ‚§µÔ∏è
https://t.co/egDnAtPJUa

#SocialMediaCommunityFVG https://t.co/Ew9lQ3VroB","['AvvisoFVG', 'CoronaVirus', 'SocialMediaCommunityFVG']"
1327684759401717760,unoenessunoe,59720283,1605379688,tweet,"Il #coronavirus circolava gi√† nell'estate 2019, √® la scoperta di una ricerca dell'istituto dei tumori di Milano, analizzando i campioni di sangue raccolti da persone sane, per uno studio sui tumori. 

https://t.co/1GLs5NYdPR","Il #coronavirus circolava gi√† nell'estate 2019, √® la scoperta di una ricerca dell'istituto dei tumori di Milano, analizzando i campioni di sangue raccolti da persone sane, per uno studio sui tumori. 

https://t.co/1GLs5NYdPR",['coronavirus']
1327675831196508162,ale_durante,127504275,1605377559,tweet,"Al #Bione di #Lecco allestito il punto #tamponi rapidi in drive through per #studenti e personale sanitario. Risultati in 10 minuti.

#covid #COVID19 #COVID„Éº19 #Covid_19 #coronavirus #COVID19italia #sierologico #lockdown #Lockdown2 #zonarossa https://t.co/ynChdjW7AV","Al #Bione di #Lecco allestito il punto #tamponi rapidi in drive through per #studenti e personale sanitario. Risultati in 10 minuti.

#covid #COVID19 #COVID„Éº19 #Covid_19 #coronavirus #COVID19italia #sierologico #lockdown #Lockdown2 #zonarossa https://t.co/ynChdjW7AV","['Bione', 'Lecco', 'tamponi', 'studenti', 'covid', 'COVID19', 'COVID„Éº19', 'Covid_19', 'coronavirus', 'COVID19italia', 'sierologico', 'lockdown', 'Lockdown2', 'zonarossa']"
1327673715719606274,LorenzPardini,623536105,1605377055,tweet,"Su @qn_giorno il 7¬∞ scudetto del #bcmilano @FederBadminton 

#Badminton #milan #milano #sport #press #ilgiorno #albertomiglietta #interview #coronavirus #COVID19 #COVID__19 #coni #yonex #lockdown #journalism #eurobadminton #playoff #seriea #scudetto #europebec @EuropeBEC #ue #ita https://t.co/4NAEfqSSi4","Su @qn_giorno il 7¬∞ scudetto del #bcmilano @FederBadminton 

#Badminton #milan #milano #sport #press #ilgiorno #albertomiglietta #interview #coronavirus #COVID19 #COVID__19 #coni #yonex #lockdown #journalism #eurobadminton #playoff #seriea #scudetto #europebec @EuropeBEC #ue #ita https://t.co/4NAEfqSSi4","['bcmilano', 'Badminton', 'milan', 'milano', 'sport', 'press', 'ilgiorno', 'albertomiglietta', 'interview', 'coronavirus', 'COVID19', 'COVID__19', 'coni', 'yonex', 'lockdown', 'journalism', 'eurobadminton', 'playoff', 'seriea', 'scudetto', 'europebec', 'ue', 'ita']"
1327671884889137154,chruggeriTg2,298029142,1605376618,tweet,"#Piacenza, muore in ospedale: la sua auto nel parcheggio piena di multe https://t.co/wvoLUKJlLc Quando la #burocrazia uccide pi√π del #coronavirus e della #solitudine #poveromondo Rip Sig Giuseppe üôè","#Piacenza, muore in ospedale: la sua auto nel parcheggio piena di multe https://t.co/wvoLUKJlLc Quando la #burocrazia uccide pi√π del #coronavirus e della #solitudine #poveromondo Rip Sig Giuseppe üôè","['Piacenza', 'burocrazia', 'coronavirus', 'solitudine', 'poveromondo']"
1327667221196386305,benedettiangio,104919938,1605375507,tweet,"#Bresciaoggi sabato 14 novembre 2020
#Orzinuovi #Brescia #Lombardia #coronavirus #salute @ Orzinuovi https://t.co/M5D0xtjpav","#Bresciaoggi sabato 14 novembre 2020
#Orzinuovi #Brescia #Lombardia #coronavirus #salute @ Orzinuovi https://t.co/M5D0xtjpav","['Bresciaoggi', 'Orzinuovi', 'Brescia', 'Lombardia', 'coronavirus', 'salute']"
1327663294757412874,coalizione_bo,3466499235,1605374570,tweet,"Riapriamo i mercati contadini nel rispetto delle normative regionali e dei protocolli di sicurezza, @AlbertoAitini #Bologna #Covid19 #CoronaVirus @Campiaperti https://t.co/Hi22itKAuD https://t.co/QHdaJUGjMF","Riapriamo i mercati contadini nel rispetto delle normative regionali e dei protocolli di sicurezza, @AlbertoAitini #Bologna #Covid19 #CoronaVirus @Campiaperti https://t.co/Hi22itKAuD https://t.co/QHdaJUGjMF","['Bologna', 'Covid19', 'CoronaVirus']"
1327650215332114435,RNerodasempre,1065720007651483651,1605371452,tweet,@GiuseppeConteIT lei √® ancora convinto che ci pu√≤ prendere per il culo?? Un bambino di 5 anni possiede una Pec?? #contedimettiti #TommasoZ @Palazzo_Chigi #coronavirus #autocertificazione #BabboNatale https://t.co/OQvWEIXRrA,@GiuseppeConteIT lei √® ancora convinto che ci pu√≤ prendere per il culo?? Un bambino di 5 anni possiede una Pec?? #contedimettiti #TommasoZ @Palazzo_Chigi #coronavirus #autocertificazione #BabboNatale https://t.co/OQvWEIXRrA,"['contedimettiti', 'TommasoZ', 'coronavirus', 'autocertificazione', 'BabboNatale']"
1327643557964943362,chriselevati,956128832,1605369865,quote,"Ne avremmo un gran bisogno anche in Italia #COVID19italia #coronavirus https://t.co/pQjTyIHqd3
Biden's real COVID-19 challenge will be restoring a nation's trust in science https://t.co/i9rYu4tIrL",Ne avremmo un gran bisogno anche in Italia #COVID19italia #coronavirus https://t.co/pQjTyIHqd3,"['COVID19italia', 'coronavirus']"
1327639635032477696,medienfriz,21874933,1605368930,tweet,Ehi #coronavirus calmati un attimo che fra due settimane comincia l' #avvento. Nuove restrizioni per chi va a Messa. Foto @graziarastelli @ Caldonazzo https://t.co/9JQbx9l6yk,Ehi #coronavirus calmati un attimo che fra due settimane comincia l' #avvento. Nuove restrizioni per chi va a Messa. Foto @graziarastelli @ Caldonazzo https://t.co/9JQbx9l6yk,"['coronavirus', 'avvento']"
1327629077608615936,Trimani1977,431502985,1605366412,tweet,"Ho scritto al Presidente Conte in merito a questa terribile situazione sanitaria che purtroppo sta mettendo in ginocchio anche l'economia...non mi sarei mai aspettato un suo messaggio vocale. üò±üò≥

#Conte #covid19 #DPCM #lockdown #coronavirus #zonarossa https://t.co/969hWVTAWd","Ho scritto al Presidente Conte in merito a questa terribile situazione sanitaria che purtroppo sta mettendo in ginocchio anche l'economia...non mi sarei mai aspettato un suo messaggio vocale. üò±üò≥

#Conte #covid19 #DPCM #lockdown #coronavirus #zonarossa https://t.co/969hWVTAWd","['Conte', 'covid19', 'DPCM', 'lockdown', 'coronavirus', 'zonarossa']"
1327609177922023424,ProtCivPalma,1114473051498995713,1605361668,tweet,"#AvvisoFVG #CoronaVirus

Per effetto dell‚ÄôOrdinanza del Ministero della Salute del 13/11/2020 

Sono AGGIORNATE le misure di contrasto e contenimento per la diffusione del virus Covid-19.

‚ùóÔ∏è In particolare #FVG √® zona a RISCHIO MEDIO-ALTO (Arancione)‚ùóÔ∏è

#SocialMediaCommunityFVG https://t.co/En2PS9LLeu","#AvvisoFVG #CoronaVirus

Per effetto dell‚ÄôOrdinanza del Ministero della Salute del 13/11/2020 

Sono AGGIORNATE le misure di contrasto e contenimento per la diffusione del virus Covid-19.

‚ùóÔ∏è In particolare #FVG √® zona a RISCHIO MEDIO-ALTO (Arancione)‚ùóÔ∏è

#SocialMediaCommunityFVG https://t.co/En2PS9LLeu","['AvvisoFVG', 'CoronaVirus', 'FVG', 'SocialMediaCommunityFVG']"
1327577538441465856,CaffeCaroli,854290513859665920,1605354125,tweet,"L'unione fa la forza!
Acquista i prodotti locali, made in Martina Franca! üí™üèª
.
#caffecaroli #covid #covid19 #covid_19 #coronavirus #puglia #martinafranca #weareinpuglia #caff√® #coffee https://t.co/ClI0Lp6yfi","L'unione fa la forza!
Acquista i prodotti locali, made in Martina Franca! üí™üèª
.
#caffecaroli #covid #covid19 #covid_19 #coronavirus #puglia #martinafranca #weareinpuglia #caff√® #coffee https://t.co/ClI0Lp6yfi","['caffecaroli', 'covid', 'covid19', 'covid_19', 'coronavirus', 'puglia', 'martinafranca', 'weareinpuglia', 'caff√®', 'coffee']"
1327576685835915265,f1marinacci,790929273418878976,1605353921,tweet,"@PierluigiBattis Quindi la Svezia sta peggio. Ha 1.71% di casi vs 1.66% Italia. Deceduti su casi: 3.58% Svezia, 4.3% Italia. Faccia informazione, grazie. #COVID19 #coronavirus #ItaliaSvezia","@PierluigiBattis Quindi la Svezia sta peggio. Ha 1.71% di casi vs 1.66% Italia. Deceduti su casi: 3.58% Svezia, 4.3% Italia. Faccia informazione, grazie. #COVID19 #coronavirus #ItaliaSvezia","['COVID19', 'coronavirus', 'ItaliaSvezia']"
1327573692809965569,dbonele,944501166,1605353208,tweet,"@sbonaccini √® costretto nuovamente a lottare contro un virus subdolo e infame. Per lo meno questo non citofona alla gente. Auguri di pronta guarigione üññ
#Bonaccini #coronavirus #EmiliaRomagna #politicirispettabili #virusinfami","@sbonaccini √® costretto nuovamente a lottare contro un virus subdolo e infame. Per lo meno questo non citofona alla gente. Auguri di pronta guarigione üññ
#Bonaccini #coronavirus #EmiliaRomagna #politicirispettabili #virusinfami","['Bonaccini', 'coronavirus', 'EmiliaRomagna', 'politicirispettabili', 'virusinfami']"
1327573527319416837,mele_nando,426525876,1605353168,tweet,"#Coronavirus Lombardia zona rossa fino a dicembre? E intanto mancano 47 giorni alla fine dell‚Äôanno #buonsabato sabato

#14novembre","#Coronavirus Lombardia zona rossa fino a dicembre? E intanto mancano 47 giorni alla fine dell‚Äôanno #buonsabato sabato

#14novembre","['Coronavirus', 'buonsabato', '14novembre']"
1327570480207949826,ParmaPartenopea,1264157041,1605352442,tweet,"La @RegioneER  √® ""Zona Arancione""
https://t.co/LWabpkGFZU

#RegioneEmiliaRomagna #zonaarancione #coronavirus #COVID19","La @RegioneER  √® ""Zona Arancione""
https://t.co/LWabpkGFZU

#RegioneEmiliaRomagna #zonaarancione #coronavirus #COVID19","['RegioneEmiliaRomagna', 'zonaarancione', 'coronavirus', 'COVID19']"
1327544024849375232,Fabbos91,440845005,1605346134,tweet,"A #Manerbio sono 50 i positivi a #Covid_19
#coronavirus #COVID19 https://t.co/Ec6m0LJmWf","A #Manerbio sono 50 i positivi a #Covid_19
#coronavirus #COVID19 https://t.co/Ec6m0LJmWf","['Manerbio', 'Covid_19', 'coronavirus', 'COVID19']"
1327537671128969216,VanGengis,1126473615648673793,1605344619,tweet,"Ieri ho fatto il #vaccino vs l'influenza.

Oggi mi sento lunatica, incazzata, dolorante, pancia gonfia, non mi va di andare a lavoro e con una bassissima tolleranza verso laggente.

Tutto come sempre, rega'!
#novax #coronavirus #complottisti","Ieri ho fatto il #vaccino vs l'influenza.

Oggi mi sento lunatica, incazzata, dolorante, pancia gonfia, non mi va di andare a lavoro e con una bassissima tolleranza verso laggente.

Tutto come sempre, rega'!
#novax #coronavirus #complottisti","['vaccino', 'novax', 'coronavirus', 'complottisti']"
1327536485977960449,unoenessunoe,59720283,1605344337,tweet,"L'infermiere che denunci√≤ i comportamenti scorretti e le minacce dei dirigenti del #Trivulzio √® stato licenziato.
#coronavirus 
https://t.co/p0PQlovmfs","L'infermiere che denunci√≤ i comportamenti scorretti e le minacce dei dirigenti del #Trivulzio √® stato licenziato.
#coronavirus 
https://t.co/p0PQlovmfs","['Trivulzio', 'coronavirus']"
1327512483561676800,Bombonati,22120232,1605338614,tweet,https://t.co/TAO36cKSYd In Germania bordelli chiusi e scuole aperte. In Italia casino. #coronavirus #Lockdown2,https://t.co/TAO36cKSYd In Germania bordelli chiusi e scuole aperte. In Italia casino. #coronavirus #Lockdown2,"['coronavirus', 'Lockdown2']"
1327391957988077568,MancioRuggiero,2417919919,1605309879,tweet,"#Covid: Ecco le Nuove zone, sembriamo le luci di Natale.
#COVID19 #Manciolandia #zonaarancione #zonarossa #coronavirus #zonagialla #IBDM https://t.co/2OBlT8QCbq","#Covid: Ecco le Nuove zone, sembriamo le luci di Natale.
#COVID19 #Manciolandia #zonaarancione #zonarossa #coronavirus #zonagialla #IBDM https://t.co/2OBlT8QCbq","['Covid', 'COVID19', 'Manciolandia', 'zonaarancione', 'zonarossa', 'coronavirus', 'zonagialla', 'IBDM']"
1327381768345853954,FakeBusters13,1298561423438741505,1605307449,tweet,"La Campania e la Toscana sono diventate 'zona rossa'.
Foto:corriere 
Approfondisci su:https://t.co/uFzIF5Ctsz 
#italia #italy #italian #toscana #tuscany #campania #emiliaromagna #romagna #friuliveneziagiulia #marche #COVID19 #coronavirus #pandemia #pandemic #news #fakebusters https://t.co/klSGGZ6DGD","La Campania e la Toscana sono diventate 'zona rossa'.
Foto:corriere 
Approfondisci su:https://t.co/uFzIF5Ctsz 
#italia #italy #italian #toscana #tuscany #campania #emiliaromagna #romagna #friuliveneziagiulia #marche #COVID19 #coronavirus #pandemia #pandemic #news #fakebusters https://t.co/klSGGZ6DGD","['italia', 'italy', 'italian', 'toscana', 'tuscany', 'campania', 'emiliaromagna', 'romagna', 'friuliveneziagiulia', 'marche', 'COVID19', 'coronavirus', 'pandemia', 'pandemic', 'news', 'fakebusters']"
1327379473793212425,francoinzirillo,484337760,1605306902,tweet,Capita che @sbonaccini annuncia di avere #polmonite bilaterale intersisteziale e che succede? Succede che orde di #cazzari si scatenano a dire #minchiate galattiche perch√© senza argomenti non sanno che dire #Covidioti #COVIDIOTS #COVID19 #coronavirus #COVID19italia https://t.co/gsVSpe1irH,Capita che @sbonaccini annuncia di avere #polmonite bilaterale intersisteziale e che succede? Succede che orde di #cazzari si scatenano a dire #minchiate galattiche perch√© senza argomenti non sanno che dire #Covidioti #COVIDIOTS #COVID19 #coronavirus #COVID19italia https://t.co/gsVSpe1irH,"['polmonite', 'cazzari', 'minchiate', 'Covidioti', 'COVIDIOTS', 'COVID19', 'coronavirus', 'COVID19italia']"
1327370720763142144,nadiaetc,493486893,1605304815,tweet,"#Coronavirus, Capua: ""Per Trump cura da 1 milione di euro con anticorpi monoclonali"" https://t.co/QVNUZfmzhw","#Coronavirus, Capua: ""Per Trump cura da 1 milione di euro con anticorpi monoclonali"" https://t.co/QVNUZfmzhw",['Coronavirus']
1327359000632061952,LorenzPardini,623536105,1605302021,tweet,"Su @rep_milano la @WPMetanopoli √© pronta per il debutto

https://t.co/xxKPlPCCA9

#waterpolo #metanopoli #pallanuoto #larepubblica #repubblicamilano #milan #sport #press #metanopoli #COVID„Éº19 #coronavirus #COVID19 #sandonato #video #coni @FINOfficial_ @fina1908 @LENaquatics https://t.co/qJWaizlCxj","Su @rep_milano la @WPMetanopoli √© pronta per il debutto

https://t.co/xxKPlPCCA9

#waterpolo #metanopoli #pallanuoto #larepubblica #repubblicamilano #milan #sport #press #metanopoli #COVID„Éº19 #coronavirus #COVID19 #sandonato #video #coni @FINOfficial_ @fina1908 @LENaquatics https://t.co/qJWaizlCxj","['waterpolo', 'metanopoli', 'pallanuoto', 'larepubblica', 'repubblicamilano', 'milan', 'sport', 'press', 'metanopoli', 'COVID„Éº19', 'coronavirus', 'COVID19', 'sandonato', 'video', 'coni']"
1327356543839440898,TotoBarbuto,1286795430,1605301435,tweet,"Un venerdi sera come gli altri, in tempi di #coronavirus. @ Corso Vannucci https://t.co/nZdDqWuyQL","Un venerdi sera come gli altri, in tempi di #coronavirus. @ Corso Vannucci https://t.co/nZdDqWuyQL",['coronavirus']
1327348520601481219,CCIAARIVLIG,1448256410,1605299522,tweet,"Comune Vado L. #Savona 
üü¢ FINO A 2000‚Ç¨ DI #CONTRIBUTO UNA TANTUM A FONDO PERDUTO COME BONUS AFFITTO A TUTTE LE AZIENDE CHE HANNO DOVUTO FORZATAMENTE CHIUDERE LE PROPRIE ATTIVITA' DURANTE IL LOCKDOWN : 
https://t.co/nFEG1ld8uQ
 #coronavirus #coronavirusliguria
@ZanelliSara https://t.co/PUkgo531ME","Comune Vado L. #Savona 
üü¢ FINO A 2000‚Ç¨ DI #CONTRIBUTO UNA TANTUM A FONDO PERDUTO COME BONUS AFFITTO A TUTTE LE AZIENDE CHE HANNO DOVUTO FORZATAMENTE CHIUDERE LE PROPRIE ATTIVITA' DURANTE IL LOCKDOWN : 
https://t.co/nFEG1ld8uQ
 #coronavirus #coronavirusliguria
@ZanelliSara https://t.co/PUkgo531ME","['Savona', 'CONTRIBUTO', 'coronavirus', 'coronavirusliguria']"
1327321780223152128,COLIZZIALMERICO,2260610122,1605293147,tweet,"üáÆüáπ #Coronavirus. Il #Governo ha deciso, #Campania in zona rossa: nuove #regole contro il #Covid19... https://t.co/FvnUhZ04Th","üáÆüáπ #Coronavirus. Il #Governo ha deciso, #Campania in zona rossa: nuove #regole contro il #Covid19... https://t.co/FvnUhZ04Th","['Coronavirus', 'Governo', 'Campania', 'regole', 'Covid19']"
1327317186608820227,NathanDelMare,23926846,1605292052,tweet,"Mi spiace dirlo ma la #Campania ha rivelato tutta la sua errata e corrotta mala gestione, in particolare sanitaria, che fino ad adesso ha fatto da padrona. #COVID19italia #coronavirus #COVID19 #lockdownitalia #lockdown","Mi spiace dirlo ma la #Campania ha rivelato tutta la sua errata e corrotta mala gestione, in particolare sanitaria, che fino ad adesso ha fatto da padrona. #COVID19italia #coronavirus #COVID19 #lockdownitalia #lockdown","['Campania', 'COVID19italia', 'coronavirus', 'COVID19', 'lockdownitalia', 'lockdown']"
1327312299405742081,fabri_cata,279038430,1605290887,tweet,"""L'esperto Bonanni: impariamo dalla Spagnola, e fermiamo i veri diffusori.""

#COVID19 #coronavirus #coronavirusitalIa #COVID„Éº19 #SARSCoV2","""L'esperto Bonanni: impariamo dalla Spagnola, e fermiamo i veri diffusori.""

#COVID19 #coronavirus #coronavirusitalIa #COVID„Éº19 #SARSCoV2","['COVID19', 'coronavirus', 'coronavirusitalIa', 'COVID„Éº19', 'SARSCoV2']"
1327295261337653248,AOUCagliari,2810129833,1605286824,tweet,"ùóîùóºùòÇùóñùóÆ ùó°ùó≤ùòÑùòÄ: 7 giorni in 70 secondi
Guada il video‚û°Ô∏è https://t.co/GyK9qzEFz9
#AouCa #news #covid #sardegna 
#coronavirus","ùóîùóºùòÇùóñùóÆ ùó°ùó≤ùòÑùòÄ: 7 giorni in 70 secondi
Guada il video‚û°Ô∏è https://t.co/GyK9qzEFz9
#AouCa #news #covid #sardegna 
#coronavirus","['AouCa', 'news', 'covid', 'sardegna', 'coronavirus']"
1327292651314569218,LorenzPardini,623536105,1605286202,tweet,"Su @MiTomorrow il #bcmilano campione d'Italia @FederBadminton 

#badminton #milan #milano #mitomorrow #press #sport #coni #fiba #albertomiglietta #mitomorrow #italia #lockdown #Covid_19 #COVID„Éº19 #coronavirus #COVID #yonex #badmintoneurope #badmintonitaly #interview https://t.co/YeBAHQzh08","Su @MiTomorrow il #bcmilano campione d'Italia @FederBadminton 

#badminton #milan #milano #mitomorrow #press #sport #coni #fiba #albertomiglietta #mitomorrow #italia #lockdown #Covid_19 #COVID„Éº19 #coronavirus #COVID #yonex #badmintoneurope #badmintonitaly #interview https://t.co/YeBAHQzh08","['bcmilano', 'badminton', 'milan', 'milano', 'mitomorrow', 'press', 'sport', 'coni', 'fiba', 'albertomiglietta', 'mitomorrow', 'italia', 'lockdown', 'Covid_19', 'COVID„Éº19', 'coronavirus', 'COVID', 'yonex', 'badmintoneurope', 'badmintonitaly', 'interview']"
1327284374853857282,PagliariniSte,411540282,1605284229,tweet,"üüß BREAKING NEWS
√à di ora la notizia che il Ministro @robersperanza ha chiamato il Presidente delle Marche @AcquaroliF per anticipargli la novit√†: le #Marche passano da regione gialla ad arancione e aumentano i divieti #Lockdown2 #coronavirus #LockdownLight #zonaarancione #Dpcm https://t.co/NTglMi3EuP","üüß BREAKING NEWS
√à di ora la notizia che il Ministro @robersperanza ha chiamato il Presidente delle Marche @AcquaroliF per anticipargli la novit√†: le #Marche passano da regione gialla ad arancione e aumentano i divieti #Lockdown2 #coronavirus #LockdownLight #zonaarancione #Dpcm https://t.co/NTglMi3EuP","['Marche', 'Lockdown2', 'coronavirus', 'LockdownLight', 'zonaarancione', 'Dpcm']"
1327283916860960768,petergomezblog,274093178,1605284120,tweet,"#Coronavirus, 40.092 nuovi casi su 254mila tamponi. I morti sono 550, crescono i ricoveri https://t.co/4xxW4Ap8hG","#Coronavirus, 40.092 nuovi casi su 254mila tamponi. I morti sono 550, crescono i ricoveri https://t.co/4xxW4Ap8hG",['Coronavirus']
1327283782114828288,leomigliaccio93,811882168259608576,1605284088,quote,"Superata la soglia dei 40 mila ... #coronavirus #Italia #COVID19italia https://t.co/nt761QLrwC
üî¥ #Coronavirus, 13/11/20

‚Ä¢ Attualmente positivi: 663.926
‚Ä¢ Deceduti: 44.139 (+550)
‚Ä¢ Dimessi/Guariti: 399.238 (+11.480)
‚Ä¢ Ricoverati: 34.144 (+1.101)
‚Ä¢ di cui in Terapia Intensiva: 3.230 (+60)
‚Ä¢ Tamponi: 18.455.416 (+254.908)

Totale casi: 1.107.303 (+40.902, +3,84%)",Superata la soglia dei 40 mila ... #coronavirus #Italia #COVID19italia https://t.co/nt761QLrwC,['Coronavirus']
1327283144798720004,PLdelFrignano,2851152323,1605283936,tweet,"#PLinforma #coronavirus nel rispetto della nuova ordinanza della @RegioneER i mercati settimanali nei Comuni di #Pavullo, #Fanano, #Fiumalbo e #Pievepelago sono sospesi fino a nuova comunicazione. Vi terremo aggiornati su tutte le ulteriori modifiche, #noicisiamo. https://t.co/0sSakMpxzi","#PLinforma #coronavirus nel rispetto della nuova ordinanza della @RegioneER i mercati settimanali nei Comuni di #Pavullo, #Fanano, #Fiumalbo e #Pievepelago sono sospesi fino a nuova comunicazione. Vi terremo aggiornati su tutte le ulteriori modifiche, #noicisiamo. https://t.co/0sSakMpxzi","['PLinforma', 'coronavirus', 'Pavullo', 'Fanano', 'Fiumalbo', 'Pievepelago', 'noicisiamo']"
1327276177409642503,SErrico77,3253796020,1605282274,tweet,"In #rai un'imbarcata di Gay.
Ma chi le fa le selezioni???
#venerdi13 #giornatadellagentilezza #13novembre #COVID19 #coronavirus #Lockdown2 #StaseraItalia #Pomeriggio5 .","In #rai un'imbarcata di Gay.
Ma chi le fa le selezioni???
#venerdi13 #giornatadellagentilezza #13novembre #COVID19 #coronavirus #Lockdown2 #StaseraItalia #Pomeriggio5 .","['rai', 'venerdi13', 'giornatadellagentilezza', '13novembre', 'COVID19', 'coronavirus', 'Lockdown2', 'StaseraItalia', 'Pomeriggio5']"
1327275798047444997,oigresoiggas,194312764,1605282184,tweet,"Oggi una ""virologa"" davanti alla scuola di mio figlio! ""Bisogna distinguere tra i morti di #COVID19 e #coronavirus"" ü§î
Da Torino √® tutto, a voi la linea!
#13Novembre2020","Oggi una ""virologa"" davanti alla scuola di mio figlio! ""Bisogna distinguere tra i morti di #COVID19 e #coronavirus"" ü§î
Da Torino √® tutto, a voi la linea!
#13Novembre2020","['COVID19', 'coronavirus', '13Novembre2020']"
1327260845534015489,rolforli,1254849099859361798,1605278619,tweet,"ROL come molte #realt√† si sta mettendo a disposizione per (ri)combatte  #COVID19, per questo motivo le produzioni di film #pet utili a creare #VISIERE PROTETTIVE  sono garantite e disponibili  con un BASSO QUANTITATIVO e in #TEMPI #BREVI.  
#COVID19 #coronavirus.","ROL come molte #realt√† si sta mettendo a disposizione per (ri)combatte  #COVID19, per questo motivo le produzioni di film #pet utili a creare #VISIERE PROTETTIVE  sono garantite e disponibili  con un BASSO QUANTITATIVO e in #TEMPI #BREVI.  
#COVID19 #coronavirus.","['realt√†', 'COVID19', 'pet', 'VISIERE', 'TEMPI', 'BREVI', 'COVID19', 'coronavirus']"
1327258705059065856,R__Pizzi,2944929857,1605278109,quote,"I nati nel #Sagittario sono immuni al #coronavirus, beati loro. Si sa niente del #Toro? https://t.co/7nGklWjwrO
E comunque, nel 2020, tutto √® iniziato cos√¨ https://t.co/Cn6RVcnsJ8","I nati nel #Sagittario sono immuni al #coronavirus, beati loro. Si sa niente del #Toro? https://t.co/7nGklWjwrO","['Sagittario', 'coronavirus', 'Toro']"
1327255749664321536,EnzoSan69,145284956,1605277404,tweet,"#tagada,  l'unica cosa su cui sono d'accordo con #DeLuca √® la mancanza di controlli, ma sui dati sui posti letto c'√® da ridere... Per non piangere! @tagadala7 #coronavirus #COVID19 #Campania #Napoi","#tagada,  l'unica cosa su cui sono d'accordo con #DeLuca √® la mancanza di controlli, ma sui dati sui posti letto c'√® da ridere... Per non piangere! @tagadala7 #coronavirus #COVID19 #Campania #Napoi","['tagada', 'DeLuca', 'coronavirus', 'COVID19', 'Campania', 'Napoi']"
1327244650625847297,ED_LaSpezia,1919709684,1605274758,tweet,"#Covid_19 Potenziare il quadro per la sicurezza sanitaria dell'UE e rafforzare il ruolo delle principali agenzie üá™üá∫ nella preparazione e nella risposta alla crisi pandemica.  

#coronavirus #unionedellasalute #HealthUnion https://t.co/Hj77NeYgaZ","#Covid_19 Potenziare il quadro per la sicurezza sanitaria dell'UE e rafforzare il ruolo delle principali agenzie üá™üá∫ nella preparazione e nella risposta alla crisi pandemica.  

#coronavirus #unionedellasalute #HealthUnion https://t.co/Hj77NeYgaZ","['Covid_19', 'coronavirus', 'unionedellasalute', 'HealthUnion']"
1327242233402286080,ED_LaSpezia,1919709684,1605274182,tweet,"Quando leggi un'informazione online:

üìå Controlla il contesto
üìå Controlla l'autore
üìå Controlla la fonte
üìå Pensa prima di condividere

‚û°Ô∏è https://t.co/L9Z0lHAdux
#Coronavirus #FactsMatter #UEVeroFalso https://t.co/3u9f0PbiUQ","Quando leggi un'informazione online:

üìå Controlla il contesto
üìå Controlla l'autore
üìå Controlla la fonte
üìå Pensa prima di condividere

‚û°Ô∏è https://t.co/L9Z0lHAdux
#Coronavirus #FactsMatter #UEVeroFalso https://t.co/3u9f0PbiUQ","['Coronavirus', 'FactsMatter', 'UEVeroFalso']"
1327222962269859842,TgrBasilicata,4846038599,1605269587,tweet,"#coronavirus Su 2269 tamponi processati ieri, 354 i positivi (55 non residenti). 1 decesso. 164 ricoverati, 23 in t.i. 
46 i guariti #IoSeguoTgr @TgrRai","#coronavirus Su 2269 tamponi processati ieri, 354 i positivi (55 non residenti). 1 decesso. 164 ricoverati, 23 in t.i. 
46 i guariti #IoSeguoTgr @TgrRai","['coronavirus', 'IoSeguoTgr']"
1327213471218458625,Lucamont77,231501756,1605267324,quote,"Se fosse vero, Zingaretti dovrebbe solo che dare spiegazioni e poi dimettersi....
#coronavirus https://t.co/REMFXSMq01
Il trucco dei tamponi, ecco la magia contabile del Lazio per restare zona gialla [di Daniele Autieri] [aggiornamento delle 11:21] https://t.co/KQvkmbUrFt","Se fosse vero, Zingaretti dovrebbe solo che dare spiegazioni e poi dimettersi....
#coronavirus https://t.co/REMFXSMq01",['coronavirus']
1327168666497114115,il_Manfry,416302993,1605256642,tweet,"Oggi √® #venerdi13 di un anno con una pandemia da #coronavirus in corso e per molti in #lockdown o quasi, pi√π sfiga di cos√¨ che ci si aspetta? https://t.co/k48Dk4URHK","Oggi √® #venerdi13 di un anno con una pandemia da #coronavirus in corso e per molti in #lockdown o quasi, pi√π sfiga di cos√¨ che ci si aspetta? https://t.co/k48Dk4URHK","['venerdi13', 'coronavirus', 'lockdown']"
1327168117617942528,RockZen,253524987,1605256511,tweet,"Una volta alla settimana faccio girare il modello di machine learning che sintetizza in un indice i dati sull‚Äôandamento dell‚Äôepidemia #Covid nella nostra sciagurata penisola.

(Qui una sommaria descrizione della metodologia: https://t.co/t3l4RWm20r)

#COVID19 #coronavirus https://t.co/TnxMQLuNTM","Una volta alla settimana faccio girare il modello di machine learning che sintetizza in un indice i dati sull‚Äôandamento dell‚Äôepidemia #Covid nella nostra sciagurata penisola.

(Qui una sommaria descrizione della metodologia: https://t.co/t3l4RWm20r)

#COVID19 #coronavirus https://t.co/TnxMQLuNTM","['Covid', 'COVID19', 'coronavirus']"
1327154916557791239,LoveMi66833922,1213627820326281216,1605253364,tweet,Scuola: Le aule che non ci piacciono! #COVID19 #COVID„Éº19 #coronavirus #Dpcm #LockdownLight #andratuttobene https://t.co/0oLfxMFA0L,Scuola: Le aule che non ci piacciono! #COVID19 #COVID„Éº19 #coronavirus #Dpcm #LockdownLight #andratuttobene https://t.co/0oLfxMFA0L,"['COVID19', 'COVID„Éº19', 'coronavirus', 'Dpcm', 'LockdownLight', 'andratuttobene']"
1327140789919551494,beltempotv2000,2829488098,1605249996,tweet,"In attesa del vaccino che ci aiuti a combattere il #coronavirus. Quanto ancora c'√® da aspettare?! Come dobbiamo fare?!
Ne parliamo con il direttore Microbiologia del Bambin Ges√π, prof Carlo Federico Perno https://t.co/uUv3SyOTz5","In attesa del vaccino che ci aiuti a combattere il #coronavirus. Quanto ancora c'√® da aspettare?! Come dobbiamo fare?!
Ne parliamo con il direttore Microbiologia del Bambin Ges√π, prof Carlo Federico Perno https://t.co/uUv3SyOTz5",['coronavirus']
1327028680527376384,CarloStef48,776138045682806784,1605223267,tweet,"Qualcosa non torna, #COVID19 

ITALIA 636 decessi / 60mln
INDIA 394 / 1.385.000.000 di abitanti
USA 182 / 333.000.000 di abitanti 
GERMANIA 100 / 84.000.000 di abitanti
BRASILE 86 / 213.000.000 di abitanti

il #coronavirus ammazza solo in Italia?","Qualcosa non torna, #COVID19 

ITALIA 636 decessi / 60mln
INDIA 394 / 1.385.000.000 di abitanti
USA 182 / 333.000.000 di abitanti 
GERMANIA 100 / 84.000.000 di abitanti
BRASILE 86 / 213.000.000 di abitanti

il #coronavirus ammazza solo in Italia?","['COVID19', 'coronavirus']"
1327005801601503233,petergomezblog,274093178,1605217812,tweet,"#Coronavirus, in Francia pi√π di 33mila contagi e 425 morti: lockdown prolungato di 2 settimane. Record in Uk: oltre 33mila contagi https://t.co/F8TTiWzZsF via @fattoquotidiano","#Coronavirus, in Francia pi√π di 33mila contagi e 425 morti: lockdown prolungato di 2 settimane. Record in Uk: oltre 33mila contagi https://t.co/F8TTiWzZsF via @fattoquotidiano",['Coronavirus']
1326983989786238976,fgraniglia,118756273,1605212611,tweet,"Speravo che i negazionisti fossero solo dei gran burloni, ma oggi ho incontrato un covidiota vero. #COVID19 #coronavirus","Speravo che i negazionisti fossero solo dei gran burloni, ma oggi ho incontrato un covidiota vero. #COVID19 #coronavirus","['COVID19', 'coronavirus']"
1326977979541491718,BerterameSimona,1245717258,1605211179,tweet,"Caro Tommaso, Babbo Natale √® morto. Aveva malattie pregresse ed era molto anziano, mi dispiace. #lockdownitalia #coronavirus #Natale","Caro Tommaso, Babbo Natale √® morto. Aveva malattie pregresse ed era molto anziano, mi dispiace. #lockdownitalia #coronavirus #Natale","['lockdownitalia', 'coronavirus', 'Natale']"
1326973086298673154,ILSOB1LL4,606976872,1605210012,tweet,"Mi ricordate per cortesia come funziona il ‚ÄúModello Svedese‚Äù ?

#COVID19 #Svezia #coronavirus","Mi ricordate per cortesia come funziona il ‚ÄúModello Svedese‚Äù ?

#COVID19 #Svezia #coronavirus","['COVID19', 'Svezia', 'coronavirus']"
1326962096165310467,ParmaPartenopea,1264157041,1605207392,tweet,"Misure Anti-Covid,Nuova Ordinanza @RegioneER 
https://t.co/ULdwdHk9sv

#ordinanza #NuovaOrdinanza #regioneemiliaromagna #AntiCovid19 #COVID19 #coronavirus","Misure Anti-Covid,Nuova Ordinanza @RegioneER 
https://t.co/ULdwdHk9sv

#ordinanza #NuovaOrdinanza #regioneemiliaromagna #AntiCovid19 #COVID19 #coronavirus","['ordinanza', 'NuovaOrdinanza', 'regioneemiliaromagna', 'AntiCovid19', 'COVID19', 'coronavirus']"
1326961766971166722,bonebag69,59272021,1605207313,tweet,"Ehi ragazzi ma quanti di voi farebbero l‚Äôesperimento di silenziare per un giorno un po‚Äô di hashtag legati alla #pandemia? Intendo cose tipo queste: 
#Dpcm 
#tamponi 
#coronavirusitalIa 
#COVID19 
#coronavirus 
#conte 
#zonagialla 
#zonarossa #zonaarancione","Ehi ragazzi ma quanti di voi farebbero l‚Äôesperimento di silenziare per un giorno un po‚Äô di hashtag legati alla #pandemia? Intendo cose tipo queste: 
#Dpcm 
#tamponi 
#coronavirusitalIa 
#COVID19 
#coronavirus 
#conte 
#zonagialla 
#zonarossa #zonaarancione","['pandemia', 'Dpcm', 'tamponi', 'coronavirusitalIa', 'COVID19', 'coronavirus', 'conte', 'zonagialla', 'zonarossa', 'zonaarancione']"
1326953203200626688,bulgi81,593849983,1605205271,tweet,"Non ce ne frega nulla dello shopping prenatalizio e dei cenoni coi parenti. 

CI INTERESSA SOLO POTER ANDARE A SCIARE, PORCA DI QUELLA ZOZZA!!!!!!!

#lockdownitalia 
#COVID19 
#coronavirus","Non ce ne frega nulla dello shopping prenatalizio e dei cenoni coi parenti. 

CI INTERESSA SOLO POTER ANDARE A SCIARE, PORCA DI QUELLA ZOZZA!!!!!!!

#lockdownitalia 
#COVID19 
#coronavirus","['lockdownitalia', 'COVID19', 'coronavirus']"
1326953013257375750,ProtCivPalma,1114473051498995713,1605205226,tweet,"#AvvisoFVG #CoronaVirus
ORDINANZA DEL PRESIDENTE DELLA REGIONE N. 41/PC 2020

Emessa l‚Äôordinanza n. 41/PC 2020 del Presidente della Regione Autonoma Friuli-Venezia Giulia con validit√† dal 14/11 al 29/11

Link dell‚Äôordinanza FVG ‚§µÔ∏è
https://t.co/keWnloCwEI

#SocialMediaCommunityFVG https://t.co/KPy6ig3CJc","#AvvisoFVG #CoronaVirus
ORDINANZA DEL PRESIDENTE DELLA REGIONE N. 41/PC 2020

Emessa l‚Äôordinanza n. 41/PC 2020 del Presidente della Regione Autonoma Friuli-Venezia Giulia con validit√† dal 14/11 al 29/11

Link dell‚Äôordinanza FVG ‚§µÔ∏è
https://t.co/keWnloCwEI

#SocialMediaCommunityFVG https://t.co/KPy6ig3CJc","['AvvisoFVG', 'CoronaVirus', 'SocialMediaCommunityFVG']"
1326950743174246400,EnzoSan69,145284956,1605204685,tweet,"#coronavirus #Campania, documento unitario di #CGIL, #CISL, #UIL, #FIALS, #Nursing Up, #FSI #Ospedale #Cardarelli #Napoli: #COVID19 @Drittorovescio_ https://t.co/w4kH5HUipv","#coronavirus #Campania, documento unitario di #CGIL, #CISL, #UIL, #FIALS, #Nursing Up, #FSI #Ospedale #Cardarelli #Napoli: #COVID19 @Drittorovescio_ https://t.co/w4kH5HUipv","['coronavirus', 'Campania', 'CGIL', 'CISL', 'UIL', 'FIALS', 'Nursing', 'FSI', 'Ospedale', 'Cardarelli', 'Napoli', 'COVID19']"
1326941523842396161,EnzoSan69,145284956,1605202487,tweet,"#coronavirus #Campania, documento di #CGIL, #CISL, #UIL, #FIALS, #NURSINGUP, #FSI #Ospedale #Cardarelli #Napoli  
Basta strumentalizzazioni: aiutateci! #COVID19 #noneladurso #NonelArena #Piazzapulita #cartabianca https://t.co/yxRpf7CXhm","#coronavirus #Campania, documento di #CGIL, #CISL, #UIL, #FIALS, #NURSINGUP, #FSI #Ospedale #Cardarelli #Napoli  
Basta strumentalizzazioni: aiutateci! #COVID19 #noneladurso #NonelArena #Piazzapulita #cartabianca https://t.co/yxRpf7CXhm","['coronavirus', 'Campania', 'CGIL', 'CISL', 'UIL', 'FIALS', 'NURSINGUP', 'FSI', 'Ospedale', 'Cardarelli', 'Napoli', 'COVID19', 'noneladurso', 'NonelArena', 'Piazzapulita', 'cartabianca']"
1326934382465200130,NathanDelMare,23926846,1605200784,quote,"Esatto. #coronavirus #COVID19 #coronavirusitalia https://t.co/hWi8fhcSIx
se qualcuno se lo fosse dimenticato https://t.co/ZBttmu5NnI https://t.co/o92vV3Ai6b",Esatto. #coronavirus #COVID19 #coronavirusitalia https://t.co/hWi8fhcSIx,"['coronavirus', 'COVID19', 'coronavirusitalia']"
1326925528507576321,BerterameSimona,1245717258,1605198673,tweet,Oggi quasi 50 morti solo nel Lazio. #coronavirus #COVID19italia,Oggi quasi 50 morti solo nel Lazio. #coronavirus #COVID19italia,"['coronavirus', 'COVID19italia']"
1326924003114684422,ComuneCorreggio,84358402,1605198310,tweet,"üî¥ Nuova ORDINANZA REGIONALE, in vigore su tutto il territorio della regione da sabato 14 novembre al prossimo 3 dicembre: abbiamo preparato un ‚Äúriassunto"".

#Correggio2020 #coronavirus #forzaCorreggio https://t.co/fAcgZoAQoa","üî¥ Nuova ORDINANZA REGIONALE, in vigore su tutto il territorio della regione da sabato 14 novembre al prossimo 3 dicembre: abbiamo preparato un ‚Äúriassunto"".

#Correggio2020 #coronavirus #forzaCorreggio https://t.co/fAcgZoAQoa","['Correggio2020', 'coronavirus', 'forzaCorreggio']"
1326923206784069632,AlexCiattaglia,1325921566631268352,1605198120,tweet,Ops... spossatezza e mal di testa allucinante...una volta avrei sorriso pensando di poter stare finalmente a casa a riposarmi. Ora un po‚Äô di caga ce l‚Äôhoüò∞maledetto #coronavirus non mi prenderaiüëä #COVID19 #lockdown #resilience,Ops... spossatezza e mal di testa allucinante...una volta avrei sorriso pensando di poter stare finalmente a casa a riposarmi. Ora un po‚Äô di caga ce l‚Äôhoüò∞maledetto #coronavirus non mi prenderaiüëä #COVID19 #lockdown #resilience,"['coronavirus', 'COVID19', 'lockdown', 'resilience']"
1326903076725415936,Trimani1977,431502985,1605193320,tweet,"Ma come fanno a prendere sonno alcune persone? Boh...ü§¨

#COVID19 #coronavirus #ospedali","Ma come fanno a prendere sonno alcune persone? Boh...ü§¨

#COVID19 #coronavirus #ospedali","['COVID19', 'coronavirus', 'ospedali']"
1326896632621830145,CaffeCaroli,854290513859665920,1605191784,tweet,"Il primo sintomo del covid √® la perdita del gusto!
Un motivo in pi√π per stare attenti a non prenderlo! Per evitare di rinunciare al sapore di un buon caff√®! ‚òï
.
#caffecaroli #covid #covid19 #covid_19 #coronavirus #puglia #martinafranca #weareinpuglia #caff√® #coffee https://t.co/bbkLCPKDvl","Il primo sintomo del covid √® la perdita del gusto!
Un motivo in pi√π per stare attenti a non prenderlo! Per evitare di rinunciare al sapore di un buon caff√®! ‚òï
.
#caffecaroli #covid #covid19 #covid_19 #coronavirus #puglia #martinafranca #weareinpuglia #caff√® #coffee https://t.co/bbkLCPKDvl","['caffecaroli', 'covid', 'covid19', 'covid_19', 'coronavirus', 'puglia', 'martinafranca', 'weareinpuglia', 'caff√®', 'coffee']"
1326893413308968962,Trimani1977,431502985,1605191016,tweet,"Un abbraccio forte alle due sorelle Giovanna e Filomena...quello che √® successo a vostro padre √® vergognoso. ü§¨ü§¨ü§¨
Condoglianze üôèüíî

#tŸéagadŸéalŸèa7 #tagada #Napoli #ospedali #campania #Cardarelli #DeLuca #DeMagistris @tagadala7 #COVID19 #Conte #coronavirus #Lockdown2","Un abbraccio forte alle due sorelle Giovanna e Filomena...quello che √® successo a vostro padre √® vergognoso. ü§¨ü§¨ü§¨
Condoglianze üôèüíî

#tŸéagadŸéalŸèa7 #tagada #Napoli #ospedali #campania #Cardarelli #DeLuca #DeMagistris @tagadala7 #COVID19 #Conte #coronavirus #Lockdown2","['tŸéagadŸéalŸèa7', 'tagada', 'Napoli', 'ospedali', 'campania', 'Cardarelli', 'DeLuca', 'DeMagistris', 'COVID19', 'Conte', 'coronavirus', 'Lockdown2']"
1326866284336701446,richardferry_rf,1716882438,1605184548,tweet,"Parte la corsa al vaccino migliore.
Quello russo funziona al 92%, due punti in pi√π di quello della Pfeizer, senza calcolare il viagra per√≤!
#vaccino
#viagra
#pfeizer #russo #coronavirus @lercionotizie #satira #kotiomkin @LiveSpinoza","Parte la corsa al vaccino migliore.
Quello russo funziona al 92%, due punti in pi√π di quello della Pfeizer, senza calcolare il viagra per√≤!
#vaccino
#viagra
#pfeizer #russo #coronavirus @lercionotizie #satira #kotiomkin @LiveSpinoza","['vaccino', 'viagra', 'pfeizer', 'russo', 'coronavirus', 'satira', 'kotiomkin']"
1326857476017426433,TgrBasilicata,4846038599,1605182448,tweet,"#coronavirus Su 1615 tamponi processati ieri, 228 i positivi (oltre una trentina non residenti). 3 i deceduti. 153 i ricoverati, 19 in t.i. 
7 i guariti. #IoSeguoTgr @TgrRai","#coronavirus Su 1615 tamponi processati ieri, 228 i positivi (oltre una trentina non residenti). 3 i deceduti. 153 i ricoverati, 19 in t.i. 
7 i guariti. #IoSeguoTgr @TgrRai","['coronavirus', 'IoSeguoTgr']"
1326852333821710337,JuveNelCuore88,945126227861532672,1605181222,quote,"Non siamo un paese, siamo un circo.
#Dpcm
#coronavirus https://t.co/pghRGmSXZN
DANDOLO FLASH! LA NEO INFLUENCER NEGAZIONISTA ANGELA DA MONDELLO FIRMA CON LELE MORA! https://t.co/z9HTECT7tg https://t.co/F9BdxQ5EQY","Non siamo un paese, siamo un circo.
#Dpcm
#coronavirus https://t.co/pghRGmSXZN","['Dpcm', 'coronavirus']"
1326840968235114496,FIMCislStampa,473838944,1605178512,tweet,"#Daleggere l‚Äôinteressante riflessione di @AGarnero su @lavoceinfo : Anche l‚Äôinflazione risente del virus

üëâ ‚Äúserve aprire una riflessione e un confronto tra le parti sociali su come contrattare la difesa dei salari in tempo di #coronavirus ‚Äú

https://t.co/SuObOaPNyO","#Daleggere l‚Äôinteressante riflessione di @AGarnero su @lavoceinfo : Anche l‚Äôinflazione risente del virus

üëâ ‚Äúserve aprire una riflessione e un confronto tra le parti sociali su come contrattare la difesa dei salari in tempo di #coronavirus ‚Äú

https://t.co/SuObOaPNyO","['Daleggere', 'coronavirus']"
1326831116939120641,journ_ale,454046345,1605176164,tweet,"Il mio ultimo articolo per @thevisioncom sulla situazione #COVID19italia.
Siamo al pi√π alto numero di morti dal 14 aprile scorso e il #Coronavirus rientra ora fra le prime 10 cause di morte nel mondo.

#pandemia #lockdownitalia

https://t.co/Tj8mmxZf2C","Il mio ultimo articolo per @thevisioncom sulla situazione #COVID19italia.
Siamo al pi√π alto numero di morti dal 14 aprile scorso e il #Coronavirus rientra ora fra le prime 10 cause di morte nel mondo.

#pandemia #lockdownitalia

https://t.co/Tj8mmxZf2C","['COVID19italia', 'Coronavirus', 'pandemia', 'lockdownitalia']"
1326824129480306689,Trimani1977,431502985,1605174498,tweet,"Ora provate a criticate la ""Bagna caoda"" üòúüòÇü§¢üò∑

#Buongiorno #Torino #Piemonte #zonarossa #COVID19 #Conte #Dpcm #coronavirus https://t.co/Ltpzfl6t3M","Ora provate a criticate la ""Bagna caoda"" üòúüòÇü§¢üò∑

#Buongiorno #Torino #Piemonte #zonarossa #COVID19 #Conte #Dpcm #coronavirus https://t.co/Ltpzfl6t3M","['Buongiorno', 'Torino', 'Piemonte', 'zonarossa', 'COVID19', 'Conte', 'Dpcm', 'coronavirus']"
1326819141672636416,ntonioGiordano,561473002,1605173309,tweet,"#coronavirus, Anna Maria Brambilla, primaria dell‚Äôospedale Sacco: ¬´Il virus √® il male. In troppi ancora non lo capiscono","#coronavirus, Anna Maria Brambilla, primaria dell‚Äôospedale Sacco: ¬´Il virus √® il male. In troppi ancora non lo capiscono",['coronavirus']
1326799122104528902,MarcoMancio82,989254747,1605168536,tweet,"#Coronavirus, il Vescovo di #Pinerolo sospende le Messe domenicali per due settimane https://t.co/eXaVZZMQ4h via @acistampa","#Coronavirus, il Vescovo di #Pinerolo sospende le Messe domenicali per due settimane https://t.co/eXaVZZMQ4h via @acistampa","['Coronavirus', 'Pinerolo']"
1326796078520426497,grazialongo2,506211156,1605167810,tweet,"Ma possibile che con i Pronto soccorso in tilt, le terapie intensive al collasso, i contagi cos√¨ alti ci stiamo ancora a preoccupare di un nuovo #lockdown nazionale? Servono misure immediate. Subito. Contro il #coronavirus. L‚Äôemergenza sanitaria non aiuta certo l‚Äôeconomia.","Ma possibile che con i Pronto soccorso in tilt, le terapie intensive al collasso, i contagi cos√¨ alti ci stiamo ancora a preoccupare di un nuovo #lockdown nazionale? Servono misure immediate. Subito. Contro il #coronavirus. L‚Äôemergenza sanitaria non aiuta certo l‚Äôeconomia.","['lockdown', 'coronavirus']"
1326794341420068864,SkylabStudios_,414807138,1605167396,tweet,"Dopo oltre 20.000 utenti attivi, ‚ÄúLeggere fa male...ma solo al #Coronavirus‚Äù, continua a crescere e si prepara all‚Äôuscita dei prossimi titoli.
#OscaWilde, la 18¬∫ uscita della collana di libri digitali gratuiti.

Buona lettura ‚¨áÔ∏è
https://t.co/3cjJwbcGpJ https://t.co/rC7DCj3VK4","Dopo oltre 20.000 utenti attivi, ‚ÄúLeggere fa male...ma solo al #Coronavirus‚Äù, continua a crescere e si prepara all‚Äôuscita dei prossimi titoli.
#OscaWilde, la 18¬∫ uscita della collana di libri digitali gratuiti.

Buona lettura ‚¨áÔ∏è
https://t.co/3cjJwbcGpJ https://t.co/rC7DCj3VK4","['Coronavirus', 'OscaWilde']"
1326770590024425473,MancioRuggiero,2417919919,1605161733,tweet,"La seconda ondata di #COVID„Éº19 1 fa una vittima a Mola.
#COVID19 #Manciolandia #coronavirus #IBDM https://t.co/sGcB3UthfG","La seconda ondata di #COVID„Éº19 1 fa una vittima a Mola.
#COVID19 #Manciolandia #coronavirus #IBDM https://t.co/sGcB3UthfG","['COVID„Éº19', 'COVID19', 'Manciolandia', 'coronavirus', 'IBDM']"
1326633932759166978,R__Pizzi,2944929857,1605129151,tweet,"Tra mancati soccorsi in mare e tragica gestione della pandemia, in molti hanno tante vite sulla coscienza. Ma come fate a dormire, la notte ? #OpenArms #Naufragio #coronavirus
 https://t.co/djlByF2GMA","Tra mancati soccorsi in mare e tragica gestione della pandemia, in molti hanno tante vite sulla coscienza. Ma come fate a dormire, la notte ? #OpenArms #Naufragio #coronavirus
 https://t.co/djlByF2GMA","['OpenArms', 'Naufragio', 'coronavirus']"
